cross,dam.cc.id,sire.cc.id,dam.line.id,sire.line.id,rix.id,A,B,C,D,E,F,G,H,prob.sum,mx.sum
CC003xCC051,CC003,CC051,,,,0,1,0,0,0,0,0,0,1,0
CC003xCC062,CC003,CC062,,,,0,0.5,0,0,0.5,0,0,0,1,0.5
CC001xCC055,CC001,CC055,,,,0,0,0,0,0,0.5,0,0.5,1,0.5
CC001xCC074,CC001,CC074,,,,0.0000146,0,0.499965501,0.0000199,0,0.5,0,0,1.000000001,0.5
CC007xCC070,CC007,CC070,,,,0,0.5,0,0,0,0,0.5,0,1,0.5
CC007xCC049,CC007,CC049,,,,0.0000146,0.5,0.00002,0.499965395,0,0,0,0,0.999999995,0
CC007xCC075,CC007,CC075,,,,0.499970751,0.5,0.0000146,0.0000146,0,0,0,0,0.999999951,0
CC065xCC072,CC065,CC072,,,,0.0000292,0,0.0000397,0.999931004,0,0,0,0,0.999999904,0
CC065xCC010,CC065,CC010,,,,0.0000292,0,0.499985376,0.499985376,0,0,0,0,0.999999952,0
CC039xCC055,CC039,CC055,,,,0,0,0,0,0,0.5,0,0.5,1,0.5
CC039xCC020,CC039,CC020,,,,0.499969751,0,0.0000151,0.0000151,0,0.5,0,0,0.999999951,0.5
CC002xCC021,CC002,CC021,,,,0.0000171,0.375,0.499968813,0.125014125,0,0,0,0,1.000000038,0
CC002xCC011,CC002,CC011,,,,0.00000244,0.375,0.00000331,0.12499425,0,0,0.5,0,1,0.5
CC021xCC032,CC021,CC032,,,,0.0000146,0.5,0.4999655,0.0000199,0,0,0,0,1,0
CC021xCC023,CC021,CC023,,,,0.0000146,0,0.4999655,0.0000199,0,0,0.5,0,1,0.5
CC059xCC065,CC059,CC065,,,,0.0000146,0.5,0.0000199,0.499965502,0,0,0,0,1.000000002,0
CC070xCC003,CC070,CC003,,,,0,0.5,0,0,0,0,0.5,0,1,0.5
CC070xCC056,CC070,CC056,,,,0,0,0,0,0,0,1,0,1,1
CC037xCC057,CC037,CC057,,,,0.0000146,0,0.499964377,0.000021,0.25,0.25,0,0,0.999999977,0.5
CC037xCC046,CC037,CC046,,,,0.499985376,0,0.499979001,0.0000356,0,0,0,0,0.999999977,0
CC004xCC011,CC004,CC011,,,,0,0.5,0,0,0,0,0.5,0,1,0.5
CC004xCC012,CC004,CC012,,,,0.499970751,0.5,0.0000146,0.0000146,0,0,0,0,0.999999951,0
CC005xCC001,CC005,CC001,,,,0,0,0,0,0.5,0.5,0,0,1,1
CC005xCC040,CC005,CC040,,,,0.0000146,0,0.0000199,0.499965502,0.5,0,0,0,1.000000002,0.5
CC049xCC036,CC049,CC036,,,,0.0000146,0.5,0.00002,0.499965395,0,0,0,0,0.999999995,0
CC041xCC012,CC041,CC012,,,,0.499985376,0,0.0000345,0.499980126,0,0,0,0,1.000000002,0
CC041xCC016,CC041,CC016,,,,0.0000146,0,0.0000199,0.499965502,0,0,0,0.5,1.000000002,0
CC019xCC002,CC019,CC002,,,,0.0000123,0.375,0.374979313,0.125008437,0,0.125,0,0,1.00000005,0.125
CC019xCC004,CC019,CC004,,,,0.00000981,0.5,0.374976001,0.0000142,0,0.125,0,0,1.000000011,0.125
CC019xCC027,CC019,CC027,,,,0.00000981,0,0.374976001,0.0000142,0,0.125,0.5,0,1.000000011,0.625
CC072xCC075,CC072,CC075,,,,0.499985376,0,0.0000345,0.499980126,0,0,0,0,1.000000002,0
CC072xCC063,CC072,CC063,,,,0.0000146,0,0.0000199,0.499965502,0,0,0.5,0,1.000000002,0.5
CC040xCC003,CC040,CC003,,,,0.0000146,0.5,0.0000199,0.499965502,0,0,0,0,1.000000002,0
CC040xCC015,CC040,CC015,,,,0.0000292,0,0.499985376,0.499985376,0,0,0,0,0.999999952,0
CC055xCC006,CC055,CC006,,,,0.0000146,0,0.0000199,0.499965502,0,0,0,0.5,1.000000002,0
CC055xCC028,CC055,CC028,,,,0,0,0,0,0,0,0.5,0.5,1,0.5
CC006xCC007,CC006,CC007,,,,0.0000146,0.5,0.0000199,0.499965502,0,0,0,0,1.000000002,0
CC006xCC039,CC006,CC039,,,,0.0000146,0,0.0000199,0.499965502,0,0.5,0,0,1.000000002,0.5
CC068xCC035,CC068,CC035,,,,0,0,0,0,0,1,0,0,1,1
CC068xCC043,CC068,CC043,,,,0,0,0,0,0,0.5,0,0.5,1,0.5
CC071xCC053,CC071,CC053,,,,0,0.5,0,0,0,0.5,0,0,1,0.5
CC071xCC031,CC071,CC031,,,,0,0,0,0,0.5,0.5,0,0,1,1
CC051xCC005,CC051,CC005,,,,0,0.5,0,0,0.5,0,0,0,1,0.5
CC051xCC009,CC051,CC009,,,,0.0000146,0.5,0.0000199,0.499965502,0,0,0,0,1.000000002,0
CC010xCC015,CC010,CC015,,,,0.0000292,0,0.999931004,0.0000397,0,0,0,0,0.999999904,0
CC010xCC060,CC010,CC060,,,,0.0000146,0,0.499965502,0.0000199,0,0.5,0,0,1.000000002,0.5
CC010xCC034,CC010,CC034,,,,0.499985374,0,0.499980127,0.0000345,0,0,0,0,1.000000001,0
CC042xCC019,CC042,CC019,,,,0.00000981,0,0.374976001,0.0000142,0,0.625,0,0,1.000000011,0.625
CC042xCC017,CC042,CC017,,,,0.166666667,0,0.166666667,0.166666667,0,0.5,0,0,1.000000001,0.5
CC042xCC014,CC042,CC014,,,,0.0000146,0,0.499965502,0.0000199,0,0.5,0,0,1.000000002,0.5
CC042xCC025,CC042,CC025,,,,0.499970751,0,0.0000146,0.0000146,0,0.5,0,0,0.999999951,0.5
CC074xCC002,CC074,CC002,,,,0.0000171,0.375,0.499968813,0.125014124,0,0,0,0,1.000000037,0
CC074xCC051,CC074,CC051,,,,0.0000146,0.5,0.499965501,0.0000199,0,0,0,0,1.000000001,0
CC074xCC062,CC074,CC062,,,,0.0000146,0,0.499965501,0.0000199,0.5,0,0,0,1.000000001,0.5
CC074xCC058,CC074,CC058,,,,0.0000171,0,0.624959751,0.0000232,0,0.375,0,0,1.000000051,0.375
CC017xCC004,CC017,CC004,,,,0.166666667,0.5,0.166666667,0.166666667,0,0,0,0,1.000000001,0
CC017xCC041,CC017,CC041,,,,0.166681291,0,0.16668654,0.666632169,0,0,0,0,1,0
CC015xCC059,CC015,CC059,,,,0.0000146,0.5,0.499965502,0.0000199,0,0,0,0,1.000000002,0
CC015xCC018,CC015,CC018,,,,0.0000292,0,0.999931003,0.0000397,0,0,0,0,0.999999903,0
CC011xCC032,CC011,CC032,,,,0,0.5,0,0,0,0,0.5,0,1,0.5
CC011xCC042,CC011,CC042,,,,0,0,0,0,0,0.5,0.5,0,1,1
CC075xCC021,CC075,CC021,,,,0.499985376,0,0.499980125,0.0000345,0,0,0,0,1.000000001,0
CC075xCC035,CC075,CC035,,,,0.499970751,0,0.0000146,0.0000146,0,0.5,0,0,0.999999951,0.5
CC057xCC058,CC057,CC058,,,,0.00000244,0,0.12499425,0.00000331,0.25,0.625,0,0,1,0.875
CC057xCC052,CC057,CC052,,,,0.0000146,0,0.0000199,0.499965502,0.25,0.25,0,0,1.000000002,0.5
CC014xCC059,CC014,CC059,,,,0.0000146,0.5,0.499965502,0.0000199,0,0,0,0,1.000000002,0
CC060xCC037,CC060,CC037,,,,0.0000146,0,0.499964377,0.000021,0,0.5,0,0,0.999999977,0.5
CC060xCC006,CC060,CC006,,,,0.0000146,0,0.0000199,0.499965502,0,0.5,0,0,1.000000002,0.5
CC029xCC071,CC029,CC071,,,,0,0.5,0,0,0,0.5,0,0,1,0.5
CC029xCC027,CC029,CC027,,,,0,0.5,0,0,0,0,0.5,0,1,0.5
CC018xCC065,CC018,CC065,,,,0.0000292,0,0.499985375,0.499985376,0,0,0,0,0.999999951,0
CC018xCC009,CC018,CC009,,,,0.0000292,0,0.499985375,0.499985376,0,0,0,0,0.999999951,0
CC018xCC010,CC018,CC010,,,,0.0000292,0,0.999931003,0.0000397,0,0,0,0,0.999999903,0
CC044xCC060,CC044,CC060,,,,0,0,0,0,0.5,0.5,0,0,1,1
CC044xCC022,CC044,CC022,,,,0,0,0,0,0.5,0,0,0.5,1,0.5
CC036xCC051,CC036,CC051,,,,0,1,0,0,0,0,0,0,1,0
CC035xCC071,CC035,CC071,,,,0,0,0,0,0,1,0,0,1,1
CC035xCC020,CC035,CC020,,,,0.499969751,0,0.0000151,0.0000151,0,0.5,0,0,0.999999951,0.5
CC034xCC016,CC034,CC016,,,,0.49997075,0,0.0000146,0.0000146,0,0,0,0.5,0.99999995,0
CC062xCC072,CC062,CC072,,,,0.0000146,0,0.0000199,0.499965502,0.5,0,0,0,1.000000002,0.5
CC062xCC046,CC062,CC046,,,,0.499970751,0,0.0000146,0.0000146,0.5,0,0,0,0.999999951,0.5
CC046xCC068,CC046,CC068,,,,0.499970751,0,0.0000146,0.0000146,0,0.5,0,0,0.999999951,0.5
CC058xCC071,CC058,CC071,,,,0.00000244,0,0.12499425,0.00000331,0,0.875,0,0,1,0.875
CC058xCC022,CC058,CC022,,,,0.00000244,0,0.12499425,0.00000331,0,0.375,0,0.5,1,0.375
CC063xCC001,CC063,CC001,,,,0,0,0,0,0,0.5,0.5,0,1,1
CC063xCC002,CC063,CC002,,,,0.00000244,0.375,0.00000331,0.12499425,0,0,0.5,0,1,0.5
CC009xCC040,CC009,CC040,,,,0.0000292,0,0.0000397,0.999931004,0,0,0,0,0.999999904,0
CC009xCC008,CC009,CC008,,,,0.0000292,0,0.0000397,0.999931004,0,0,0,0,0.999999904,0
OR559xCC031,OR559,CC031,,,,0.00000975,0,0.0000132,0.374977,0.5,0,0.125,0,0.99999995,0.625
CC053xCC049,CC053,CC049,,,,0.0000146,0.5,0.00002,0.499965395,0,0,0,0,0.999999995,0
CC053xCC031,CC053,CC031,,,,0,0.5,0,0,0.5,0,0,0,1,0.5
CC032xCC017,CC032,CC017,,,,0.166666667,0.5,0.166666667,0.166666667,0,0,0,0,1.000000001,0
CC032xCC013,CC032,CC013,,,,0,0.5,0,0,0.5,0,0,0,1,0.5
CC024xCC023,CC024,CC023,,,,0.499970751,0,0.0000146,0.0000146,0,0,0.5,0,0.999999951,0.5
CC024xCC052,CC024,CC052,,,,0.499985376,0,0.0000345,0.499980126,0,0,0,0,1.000000002,0
CC012xCC004,CC012,CC004,,,,0.499970751,0.5,0.0000146,0.0000146,0,0,0,0,0.999999951,0
CC012xCC032,CC012,CC032,,,,0.499970751,0.5,0.0000146,0.0000146,0,0,0,0,0.999999951,0
CC012xCC038,CC012,CC038,,,,0.999941502,0,0.0000292,0.0000292,0,0,0,0,0.999999902,0
CC025xCC028,CC025,CC028,,,,0.499970751,0,0.0000146,0.0000146,0,0,0.5,0,0.999999951,0.5
CC013xCC041,CC013,CC041,,,,0.0000146,0,0.0000199,0.499965502,0.5,0,0,0,1.000000002,0.5
CC013xCC026,CC013,CC026,,,,0,0,0,0,0.5,0,0,0.5,1,0.5
CC028xCC024,CC028,CC024,,,,0.499970751,0,0.0000146,0.0000146,0,0,0.5,0,0.999999951,0.5
CC028xCC030,CC028,CC030,,,,0,0,0,0,0,0,1,0,1,1
CC043xCC037,CC043,CC037,,,,0.0000146,0,0.499964377,0.000021,0,0,0,0.5,0.999999977,0
CC043xCC033,CC043,CC033,,,,0,0,0,0,0,0,0,1,1,0
CC016xCC061,CC016,CC061,,,,0.499970751,0,0.0000146,0.0000146,0,0,0,0.5,0.999999951,0
CC016xCC038,CC016,CC038,,,,0.499970751,0,0.0000146,0.0000146,0,0,0,0.5,0.999999951,0
CC026xCC034,CC026,CC034,,,,0.49997075,0,0.0000146,0.0000146,0,0,0,0.5,0.99999995,0
CC026xCC042,CC026,CC042,,,,0,0,0,0,0,0.5,0,0.5,1,0.5
CC027xCC019,CC027,CC019,,,,0.00000981,0,0.374976001,0.0000142,0,0.125,0.5,0,1.000000011,0.625
CC027xCC036,CC027,CC036,,,,0,0.5,0,0,0,0,0.5,0,1,0.5
CC027xCC045,CC027,CC045,,,,0.499970751,0,0.0000146,0.0000146,0,0,0.5,0,0.999999951,0.5
CC033xCC068,CC033,CC068,,,,0,0,0,0,0,0.5,0,0.5,1,0.5
CC033xCC046,CC033,CC046,,,,0.499970751,0,0.0000146,0.0000146,0,0,0,0.5,0.999999951,0
CC030xCC074,CC030,CC074,,,,0.0000146,0,0.499965501,0.0000199,0,0,0.5,0,1.000000001,0.5
CC030xCC013,CC030,CC013,,,,0,0,0,0,0.5,0,0.5,0,1,1
CC030xCC023,CC030,CC023,,,,0,0,0,0,0,0,1,0,1,1
CC030xCC061,CC030,CC061,,,,0.499970751,0,0.0000146,0.0000146,0,0,0.5,0,0.999999951,0.5
CC008xCC018,CC008,CC018,,,,0.0000292,0,0.499985375,0.499985376,0,0,0,0,0.999999951,0
CC008xCC010,CC008,CC010,,,,0.0000292,0,0.499985376,0.499985376,0,0,0,0,0.999999952,0
CC023xCC019,CC023,CC019,,,,0.00000981,0,0.374976001,0.0000142,0,0.125,0.5,0,1.000000011,0.625
CC023xCC025,CC023,CC025,,,,0.499970751,0,0.0000146,0.0000146,0,0,0.5,0,0.999999951,0.5
CC045xCC044,CC045,CC044,,,,0.499970751,0,0.0000146,0.0000146,0.5,0,0,0,0.999999951,0.5
CC022xCC057,CC022,CC057,,,,0,0,0,0,0.25,0.25,0,0.5,1,0.5
CC022xCC024,CC022,CC024,,,,0.499970751,0,0.0000146,0.0000146,0,0,0,0.5,0.999999951,0
CC061xCC039,CC061,CC039,,,,0.499970751,0,0.0000146,0.0000146,0,0.5,0,0,0.999999951,0.5
CC061xCC025,CC061,CC025,,,,0.999941502,0,0.0000292,0.0000292,0,0,0,0,0.999999902,0
CC061xCC026,CC061,CC026,,,,0.499970751,0,0.0000146,0.0000146,0,0,0,0.5,0.999999951,0
CC038xCC005,CC038,CC005,,,,0.499970751,0,0.0000146,0.0000146,0.5,0,0,0,0.999999951,0.5
CC038xCC013,CC038,CC013,,,,0.499970751,0,0.0000146,0.0000146,0.5,0,0,0,0.999999951,0.5
CC052xCC007,CC052,CC007,,,,0.0000146,0.5,0.0000199,0.499965502,0,0,0,0,1.000000002,0
CC052xCC014,CC052,CC014,,,,0.0000292,0,0.499985376,0.499985376,0,0,0,0,0.999999952,0
CC020xCC008,CC020,CC008,,,,0.499984376,0,0.000035,0.499980626,0,0,0,0,1.000000002,0
CC056xCC033,CC056,CC033,,,,0,0,0,0,0,0,0.5,0.5,1,0.5